<ImportExportXml xmlns:xsi="http://www.w3.org/2001/XMLSchema-instance">
  <Entities>
    <Entity>
      <Name LocalizedName="Klient" OriginalName="Account">Account</Name>
      <ObjectTypeCode>1</ObjectTypeCode>
      <EntityInfo>
        <entity Name="Account">
          <attributes>
            <attribute PhysicalName="new_Comment">
              <Type>ntext</Type>
              <Name>new_comment</Name>
              <LogicalName>new_comment</LogicalName>
              <RequiredLevel>none</RequiredLevel>
              <DisplayMask>ValidForAdvancedFind|ValidForForm|ValidForGrid</DisplayMask>
              <ImeMode>auto</ImeMode>
              <ValidForUpdateApi>1</ValidForUpdateApi>
              <ValidForReadApi>1</ValidForReadApi>
              <ValidForCreateApi>1</ValidForCreateApi>
              <IsCustomField>1</IsCustomField>
              <IsAuditEnabled>1</IsAuditEnabled>
              <IsSecured>0</IsSecured>
              <IntroducedVersion>1.0</IntroducedVersion>
              <IsCustomizable>1</IsCustomizable>
              <IsRenameable>1</IsRenameable>
              <CanModifySearchSettings>1</CanModifySearchSettings>
              <CanModifyRequirementLevelSettings>1</CanModifyRequirementLevelSettings>
              <CanModifyAdditionalSettings>1</CanModifyAdditionalSettings>
              <SourceType>0</SourceType>
              <IsGlobalFilterEnabled>0</IsGlobalFilterEnabled>
              <IsSortableEnabled>0</IsSortableEnabled>
              <CanModifyGlobalFilterSettings>1</CanModifyGlobalFilterSettings>
              <CanModifyIsSortableSettings>1</CanModifyIsSortableSettings>
              <Format></Format>
              <MaxLength>2000</MaxLength>
              <displaynames>
                <displayname description="Comment" languagecode="1045" />
              </displaynames>
              <Descriptions>
                <Description description="" languagecode="1045" />
              </Descriptions>
            </attribute>
            <attribute PhysicalName="new_CopyRiskProfilefrom">
              <Type>lookup</Type>
              <Name>new_copyriskprofilefrom</Name>
              <LogicalName>new_copyriskprofilefrom</LogicalName>
              <RequiredLevel>none</RequiredLevel>
              <DisplayMask>ValidForAdvancedFind|ValidForForm|ValidForGrid</DisplayMask>
              <ImeMode>auto</ImeMode>
              <ValidForUpdateApi>1</ValidForUpdateApi>
              <ValidForReadApi>1</ValidForReadApi>
              <ValidForCreateApi>1</ValidForCreateApi>
              <IsCustomField>1</IsCustomField>
              <IsAuditEnabled>1</IsAuditEnabled>
              <IsSecured>0</IsSecured>
              <IntroducedVersion>1.0</IntroducedVersion>
              <IsCustomizable>1</IsCustomizable>
              <IsRenameable>1</IsRenameable>
              <CanModifySearchSettings>1</CanModifySearchSettings>
              <CanModifyRequirementLevelSettings>1</CanModifyRequirementLevelSettings>
              <CanModifyAdditionalSettings>1</CanModifyAdditionalSettings>
              <SourceType>0</SourceType>
              <IsGlobalFilterEnabled>0</IsGlobalFilterEnabled>
              <IsSortableEnabled>0</IsSortableEnabled>
              <CanModifyGlobalFilterSettings>1</CanModifyGlobalFilterSettings>
              <CanModifyIsSortableSettings>1</CanModifyIsSortableSettings>
              <LookupStyle>single</LookupStyle>
              <LookupTypes />
              <displaynames>
                <displayname description="Copy Risk Profile from" languagecode="1045" />
              </displaynames>
              <Descriptions>
                <Description description="" languagecode="1045" />
              </Descriptions>
            </attribute>
            <attribute PhysicalName="new_ExperienceInFinancialInstruments">
              <Type>picklist</Type>
              <Name>new_experienceinfinancialinstruments</Name>
              <LogicalName>new_experienceinfinancialinstruments</LogicalName>
              <RequiredLevel>none</RequiredLevel>
              <DisplayMask>ValidForAdvancedFind|ValidForForm|ValidForGrid</DisplayMask>
              <ImeMode>auto</ImeMode>
              <ValidForUpdateApi>1</ValidForUpdateApi>
              <ValidForReadApi>1</ValidForReadApi>
              <ValidForCreateApi>1</ValidForCreateApi>
              <IsCustomField>1</IsCustomField>
              <IsAuditEnabled>1</IsAuditEnabled>
              <IsSecured>0</IsSecured>
              <IntroducedVersion>1.0</IntroducedVersion>
              <IsCustomizable>1</IsCustomizable>
              <IsRenameable>1</IsRenameable>
              <CanModifySearchSettings>1</CanModifySearchSettings>
              <CanModifyRequirementLevelSettings>1</CanModifyRequirementLevelSettings>
              <CanModifyAdditionalSettings>1</CanModifyAdditionalSettings>
              <SourceType>0</SourceType>
              <IsGlobalFilterEnabled>0</IsGlobalFilterEnabled>
              <IsSortableEnabled>0</IsSortableEnabled>
              <CanModifyGlobalFilterSettings>1</CanModifyGlobalFilterSettings>
              <CanModifyIsSortableSettings>1</CanModifyIsSortableSettings>
              <AppDefaultValue>-1</AppDefaultValue>
              <optionset Name="new_account_new_experienceinfinancialinstruments">
                <OptionSetType>picklist</OptionSetType>
                <IntroducedVersion>1.0</IntroducedVersion>
                <IsCustomizable>1</IsCustomizable>
                <displaynames>
                  <displayname description="Experience In Financial Instruments" languagecode="1045" />
                </displaynames>
                <Descriptions>
                  <Description description="" languagecode="1045" />
                </Descriptions>
                <options>
                  <option value="100000000" Color="#0000ff">
                    <labels>
                      <label description="active trader" languagecode="1045" />
                    </labels>
                  </option>
                  <option value="100000001" Color="#0000ff">
                    <labels>
                      <label description="done trading" languagecode="1045" />
                    </labels>
                  </option>
                  <option value="100000002" Color="#0000ff">
                    <labels>
                      <label description="none" languagecode="1045" />
                    </labels>
                  </option>
                </options>
              </optionset>
              <displaynames>
                <displayname description="Experience In Financial Instruments" languagecode="1045" />
              </displaynames>
              <Descriptions>
                <Description description="" languagecode="1045" />
              </Descriptions>
            </attribute>
            <attribute PhysicalName="new_InvestmentHorizon">
              <Type>picklist</Type>
              <Name>new_investmenthorizon</Name>
              <LogicalName>new_investmenthorizon</LogicalName>
              <RequiredLevel>none</RequiredLevel>
              <DisplayMask>ValidForAdvancedFind|ValidForForm|ValidForGrid</DisplayMask>
              <ImeMode>auto</ImeMode>
              <ValidForUpdateApi>1</ValidForUpdateApi>
              <ValidForReadApi>1</ValidForReadApi>
              <ValidForCreateApi>1</ValidForCreateApi>
              <IsCustomField>1</IsCustomField>
              <IsAuditEnabled>1</IsAuditEnabled>
              <IsSecured>0</IsSecured>
              <IntroducedVersion>1.0</IntroducedVersion>
              <IsCustomizable>1</IsCustomizable>
              <IsRenameable>1</IsRenameable>
              <CanModifySearchSettings>1</CanModifySearchSettings>
              <CanModifyRequirementLevelSettings>1</CanModifyRequirementLevelSettings>
              <CanModifyAdditionalSettings>1</CanModifyAdditionalSettings>
              <SourceType>0</SourceType>
              <IsGlobalFilterEnabled>0</IsGlobalFilterEnabled>
              <IsSortableEnabled>0</IsSortableEnabled>
              <CanModifyGlobalFilterSettings>1</CanModifyGlobalFilterSettings>
              <CanModifyIsSortableSettings>1</CanModifyIsSortableSettings>
              <AppDefaultValue>-1</AppDefaultValue>
              <optionset Name="new_account_new_investmenthorizon">
                <OptionSetType>picklist</OptionSetType>
                <IntroducedVersion>1.0</IntroducedVersion>
                <IsCustomizable>1</IsCustomizable>
                <displaynames>
                  <displayname description="Investment Horizon" languagecode="1045" />
                </displaynames>
                <Descriptions>
                  <Description description="" languagecode="1045" />
                </Descriptions>
                <options>
                  <option value="100000000" Color="#0000ff">
                    <labels>
                      <label description="up to 3 months" languagecode="1045" />
                    </labels>
                  </option>
                  <option value="100000001" Color="#0000ff">
                    <labels>
                      <label description="up to 12 months" languagecode="1045" />
                    </labels>
                  </option>
                  <option value="100000002" Color="#0000ff">
                    <labels>
                      <label description="1-3 years" languagecode="1045" />
                    </labels>
                  </option>
                  <option value="100000003" Color="#0000ff">
                    <labels>
                      <label description="more than 5 years" languagecode="1045" />
                    </labels>
                  </option>
                </options>
              </optionset>
              <displaynames>
                <displayname description="Investment Horizon" languagecode="1045" />
              </displaynames>
              <Descriptions>
                <Description description="" languagecode="1045" />
              </Descriptions>
            </attribute>
            <attribute PhysicalName="new_Liquiditymanagement">
              <Type>picklist</Type>
              <Name>new_liquiditymanagement</Name>
              <LogicalName>new_liquiditymanagement</LogicalName>
              <RequiredLevel>none</RequiredLevel>
              <DisplayMask>ValidForAdvancedFind|ValidForForm|ValidForGrid</DisplayMask>
              <ImeMode>auto</ImeMode>
              <ValidForUpdateApi>1</ValidForUpdateApi>
              <ValidForReadApi>1</ValidForReadApi>
              <ValidForCreateApi>1</ValidForCreateApi>
              <IsCustomField>1</IsCustomField>
              <IsAuditEnabled>1</IsAuditEnabled>
              <IsSecured>0</IsSecured>
              <IntroducedVersion>1.0</IntroducedVersion>
              <IsCustomizable>1</IsCustomizable>
              <IsRenameable>1</IsRenameable>
              <CanModifySearchSettings>1</CanModifySearchSettings>
              <CanModifyRequirementLevelSettings>1</CanModifyRequirementLevelSettings>
              <CanModifyAdditionalSettings>1</CanModifyAdditionalSettings>
              <SourceType>0</SourceType>
              <IsGlobalFilterEnabled>0</IsGlobalFilterEnabled>
              <IsSortableEnabled>0</IsSortableEnabled>
              <CanModifyGlobalFilterSettings>1</CanModifyGlobalFilterSettings>
              <CanModifyIsSortableSettings>1</CanModifyIsSortableSettings>
              <AppDefaultValue>-1</AppDefaultValue>
              <optionset Name="new_account_new_liquiditymanagement">
                <OptionSetType>picklist</OptionSetType>
                <IntroducedVersion>1.0</IntroducedVersion>
                <IsCustomizable>1</IsCustomizable>
                <displaynames>
                  <displayname description="Liquidity management" languagecode="1045" />
                </displaynames>
                <Descriptions>
                  <Description description="" languagecode="1045" />
                </Descriptions>
                <options>
                  <option value="100000000" Color="#0000ff">
                    <labels>
                      <label description="Yes" languagecode="1045" />
                    </labels>
                  </option>
                  <option value="100000001" Color="#0000ff">
                    <labels>
                      <label description="No" languagecode="1045" />
                    </labels>
                  </option>
                </options>
              </optionset>
              <displaynames>
                <displayname description="Liquidity management" languagecode="1045" />
              </displaynames>
              <Descriptions>
                <Description description="" languagecode="1045" />
              </Descriptions>
            </attribute>
            <attribute PhysicalName="new_Maximizecurrentincome">
              <Type>picklist</Type>
              <Name>new_maximizecurrentincome</Name>
              <LogicalName>new_maximizecurrentincome</LogicalName>
              <RequiredLevel>none</RequiredLevel>
              <DisplayMask>ValidForAdvancedFind|ValidForForm|ValidForGrid</DisplayMask>
              <ImeMode>auto</ImeMode>
              <ValidForUpdateApi>1</ValidForUpdateApi>
              <ValidForReadApi>1</ValidForReadApi>
              <ValidForCreateApi>1</ValidForCreateApi>
              <IsCustomField>1</IsCustomField>
              <IsAuditEnabled>1</IsAuditEnabled>
              <IsSecured>0</IsSecured>
              <IntroducedVersion>1.0</IntroducedVersion>
              <IsCustomizable>1</IsCustomizable>
              <IsRenameable>1</IsRenameable>
              <CanModifySearchSettings>1</CanModifySearchSettings>
              <CanModifyRequirementLevelSettings>1</CanModifyRequirementLevelSettings>
              <CanModifyAdditionalSettings>1</CanModifyAdditionalSettings>
              <SourceType>0</SourceType>
              <IsGlobalFilterEnabled>0</IsGlobalFilterEnabled>
              <IsSortableEnabled>0</IsSortableEnabled>
              <CanModifyGlobalFilterSettings>1</CanModifyGlobalFilterSettings>
              <CanModifyIsSortableSettings>1</CanModifyIsSortableSettings>
              <AppDefaultValue>-1</AppDefaultValue>
              <optionset Name="new_account_new_maximizecurrentincome">
                <OptionSetType>picklist</OptionSetType>
                <IntroducedVersion>1.0</IntroducedVersion>
                <IsCustomizable>1</IsCustomizable>
                <displaynames>
                  <displayname description="Maximize current income" languagecode="1045" />
                </displaynames>
                <Descriptions>
                  <Description description="" languagecode="1045" />
                </Descriptions>
                <options>
                  <option value="100000000" Color="#0000ff">
                    <labels>
                      <label description="Yes" languagecode="1045" />
                    </labels>
                  </option>
                  <option value="100000001" Color="#0000ff">
                    <labels>
                      <label description="No" languagecode="1045" />
                    </labels>
                  </option>
                </options>
              </optionset>
              <displaynames>
                <displayname description="Maximize current income" languagecode="1045" />
              </displaynames>
              <Descriptions>
                <Description description="" languagecode="1045" />
              </Descriptions>
            </attribute>
            <attribute PhysicalName="new_Speculativeportfolioaimingforhigherreturn">
              <Type>picklist</Type>
              <Name>new_speculativeportfolioaimingforhigherreturn</Name>
              <LogicalName>new_speculativeportfolioaimingforhigherreturn</LogicalName>
              <RequiredLevel>none</RequiredLevel>
              <DisplayMask>ValidForAdvancedFind|ValidForForm|ValidForGrid</DisplayMask>
              <ImeMode>auto</ImeMode>
              <ValidForUpdateApi>1</ValidForUpdateApi>
              <ValidForReadApi>1</ValidForReadApi>
              <ValidForCreateApi>1</ValidForCreateApi>
              <IsCustomField>1</IsCustomField>
              <IsAuditEnabled>1</IsAuditEnabled>
              <IsSecured>0</IsSecured>
              <IntroducedVersion>1.0</IntroducedVersion>
              <IsCustomizable>1</IsCustomizable>
              <IsRenameable>1</IsRenameable>
              <CanModifySearchSettings>1</CanModifySearchSettings>
              <CanModifyRequirementLevelSettings>1</CanModifyRequirementLevelSettings>
              <CanModifyAdditionalSettings>1</CanModifyAdditionalSettings>
              <SourceType>0</SourceType>
              <IsGlobalFilterEnabled>0</IsGlobalFilterEnabled>
              <IsSortableEnabled>0</IsSortableEnabled>
              <CanModifyGlobalFilterSettings>1</CanModifyGlobalFilterSettings>
              <CanModifyIsSortableSettings>1</CanModifyIsSortableSettings>
              <AppDefaultValue>-1</AppDefaultValue>
              <optionset Name="new_account_new_speculativeportfolioaimingforhigherreturn">
                <OptionSetType>picklist</OptionSetType>
                <IntroducedVersion>1.0</IntroducedVersion>
                <IsCustomizable>1</IsCustomizable>
                <displaynames>
                  <displayname description="Speculative portfolio aiming for higher returns" languagecode="1045" />
                </displaynames>
                <Descriptions>
                  <Description description="" languagecode="1045" />
                </Descriptions>
                <options>
                  <option value="100000000" Color="#0000ff">
                    <labels>
                      <label description="Yes" languagecode="1045" />
                    </labels>
                  </option>
                  <option value="100000001" Color="#0000ff">
                    <labels>
                      <label description="No" languagecode="1045" />
                    </labels>
                  </option>
                </options>
              </optionset>
              <displaynames>
                <displayname description="Speculative portfolio aiming for higher returns" languagecode="1045" />
              </displaynames>
              <Descriptions>
                <Description description="" languagecode="1045" />
              </Descriptions>
            </attribute>
            <attribute PhysicalName="new_Wealthaccumulation">
              <Type>picklist</Type>
              <Name>new_wealthaccumulation</Name>
              <LogicalName>new_wealthaccumulation</LogicalName>
              <RequiredLevel>none</RequiredLevel>
              <DisplayMask>ValidForAdvancedFind|ValidForForm|ValidForGrid</DisplayMask>
              <ImeMode>auto</ImeMode>
              <ValidForUpdateApi>1</ValidForUpdateApi>
              <ValidForReadApi>1</ValidForReadApi>
              <ValidForCreateApi>1</ValidForCreateApi>
              <IsCustomField>1</IsCustomField>
              <IsAuditEnabled>1</IsAuditEnabled>
              <IsSecured>0</IsSecured>
              <IntroducedVersion>1.0</IntroducedVersion>
              <IsCustomizable>1</IsCustomizable>
              <IsRenameable>1</IsRenameable>
              <CanModifySearchSettings>1</CanModifySearchSettings>
              <CanModifyRequirementLevelSettings>1</CanModifyRequirementLevelSettings>
              <CanModifyAdditionalSettings>1</CanModifyAdditionalSettings>
              <SourceType>0</SourceType>
              <IsGlobalFilterEnabled>0</IsGlobalFilterEnabled>
              <IsSortableEnabled>0</IsSortableEnabled>
              <CanModifyGlobalFilterSettings>1</CanModifyGlobalFilterSettings>
              <CanModifyIsSortableSettings>1</CanModifyIsSortableSettings>
              <AppDefaultValue>-1</AppDefaultValue>
              <optionset Name="new_account_new_wealthaccumulation">
                <OptionSetType>picklist</OptionSetType>
                <IntroducedVersion>1.0</IntroducedVersion>
                <IsCustomizable>1</IsCustomizable>
                <displaynames>
                  <displayname description="Wealth accumulation" languagecode="1045" />
                </displaynames>
                <Descriptions>
                  <Description description="" languagecode="1045" />
                </Descriptions>
                <options>
                  <option value="100000000" Color="#0000ff">
                    <labels>
                      <label description="Yes" languagecode="1045" />
                    </labels>
                  </option>
                  <option value="100000001" Color="#0000ff">
                    <labels>
                      <label description="No" languagecode="1045" />
                    </labels>
                  </option>
                </options>
              </optionset>
              <displaynames>
                <displayname description="Wealth accumulation" languagecode="1045" />
              </displaynames>
              <Descriptions>
                <Description description="" languagecode="1045" />
              </Descriptions>
            </attribute>
            <attribute PhysicalName="new_WhyareyoutradingFinancialInstruments">
              <Type>picklist</Type>
              <Name>new_whyareyoutradingfinancialinstruments</Name>
              <LogicalName>new_whyareyoutradingfinancialinstruments</LogicalName>
              <RequiredLevel>none</RequiredLevel>
              <DisplayMask>ValidForAdvancedFind|ValidForForm|ValidForGrid</DisplayMask>
              <ImeMode>auto</ImeMode>
              <ValidForUpdateApi>1</ValidForUpdateApi>
              <ValidForReadApi>1</ValidForReadApi>
              <ValidForCreateApi>1</ValidForCreateApi>
              <IsCustomField>1</IsCustomField>
              <IsAuditEnabled>1</IsAuditEnabled>
              <IsSecured>0</IsSecured>
              <IntroducedVersion>1.0</IntroducedVersion>
              <IsCustomizable>1</IsCustomizable>
              <IsRenameable>1</IsRenameable>
              <CanModifySearchSettings>1</CanModifySearchSettings>
              <CanModifyRequirementLevelSettings>1</CanModifyRequirementLevelSettings>
              <CanModifyAdditionalSettings>1</CanModifyAdditionalSettings>
              <SourceType>0</SourceType>
              <IsGlobalFilterEnabled>0</IsGlobalFilterEnabled>
              <IsSortableEnabled>0</IsSortableEnabled>
              <CanModifyGlobalFilterSettings>1</CanModifyGlobalFilterSettings>
              <CanModifyIsSortableSettings>1</CanModifyIsSortableSettings>
              <AppDefaultValue>-1</AppDefaultValue>
              <optionset Name="new_account_new_whyareyoutradingfinancialinstruments">
                <OptionSetType>picklist</OptionSetType>
                <IntroducedVersion>1.0</IntroducedVersion>
                <IsCustomizable>1</IsCustomizable>
                <displaynames>
                  <displayname description="Why are you trading Financial Instruments?" languagecode="1045" />
                </displaynames>
                <Descriptions>
                  <Description description="" languagecode="1045" />
                </Descriptions>
                <options>
                  <option value="100000000" Color="#0000ff">
                    <labels>
                      <label description="For hedging commercial risk" languagecode="1045" />
                    </labels>
                  </option>
                  <option value="100000001" Color="#0000ff">
                    <labels>
                      <label description="For investment purposes" languagecode="1045" />
                    </labels>
                  </option>
                  <option value="100000002" Color="#0000ff">
                    <labels>
                      <label description="Both above" languagecode="1045" />
                    </labels>
                  </option>
                </options>
              </optionset>
              <displaynames>
                <displayname description="Why are you trading Financial Instruments?" languagecode="1045" />
              </displaynames>
              <Descriptions>
                <Description description="" languagecode="1045" />
              </Descriptions>
            </attribute>
            <attribute PhysicalName="new_YearlyAverageTurnover">
              <Type>money</Type>
              <Name>new_yearlyaverageturnover</Name>
              <LogicalName>new_yearlyaverageturnover</LogicalName>
              <RequiredLevel>none</RequiredLevel>
              <DisplayMask>ValidForAdvancedFind|ValidForForm|ValidForGrid</DisplayMask>
              <ImeMode>auto</ImeMode>
              <ValidForUpdateApi>1</ValidForUpdateApi>
              <ValidForReadApi>1</ValidForReadApi>
              <ValidForCreateApi>1</ValidForCreateApi>
              <IsCustomField>1</IsCustomField>
              <IsAuditEnabled>1</IsAuditEnabled>
              <IsSecured>0</IsSecured>
              <IntroducedVersion>1.0</IntroducedVersion>
              <IsCustomizable>1</IsCustomizable>
              <IsRenameable>1</IsRenameable>
              <CanModifySearchSettings>1</CanModifySearchSettings>
              <CanModifyRequirementLevelSettings>1</CanModifyRequirementLevelSettings>
              <CanModifyAdditionalSettings>1</CanModifyAdditionalSettings>
              <SourceType>0</SourceType>
              <IsGlobalFilterEnabled>0</IsGlobalFilterEnabled>
              <IsSortableEnabled>0</IsSortableEnabled>
              <CanModifyGlobalFilterSettings>1</CanModifyGlobalFilterSettings>
              <CanModifyIsSortableSettings>1</CanModifyIsSortableSettings>
              <MinValue>-922337203685477</MinValue>
              <MaxValue>922337203685477</MaxValue>
              <Accuracy>2</Accuracy>
              <AccuracySource>0</AccuracySource>
              <displaynames>
                <displayname description="Yearly Average Turnover" languagecode="1045" />
              </displaynames>
              <Descriptions>
                <Description description="" languagecode="1045" />
              </Descriptions>
            </attribute>
            <attribute PhysicalName="new_yearlyaverageturnover_Base">
              <Type>money</Type>
              <Name>new_yearlyaverageturnover_base</Name>
              <LogicalName>new_yearlyaverageturnover_base</LogicalName>
              <RequiredLevel>none</RequiredLevel>
              <DisplayMask>ValidForAdvancedFind|ValidForForm|ValidForGrid</DisplayMask>
              <ImeMode>disabled</ImeMode>
              <ValidForReadApi>1</ValidForReadApi>
              <IsCustomField>1</IsCustomField>
              <IsAuditEnabled>1</IsAuditEnabled>
              <IsSecured>0</IsSecured>
              <IntroducedVersion>1.0</IntroducedVersion>
              <IsCustomizable>1</IsCustomizable>
              <IsRenameable>1</IsRenameable>
              <CanModifySearchSettings>1</CanModifySearchSettings>
              <CanModifyRequirementLevelSettings>1</CanModifyRequirementLevelSettings>
              <CanModifyAdditionalSettings>1</CanModifyAdditionalSettings>
              <SourceType>0</SourceType>
              <IsGlobalFilterEnabled>0</IsGlobalFilterEnabled>
              <IsSortableEnabled>0</IsSortableEnabled>
              <CanModifyGlobalFilterSettings>1</CanModifyGlobalFilterSettings>
              <CanModifyIsSortableSettings>1</CanModifyIsSortableSettings>
              <MinValue>-922337203685477</MinValue>
              <MaxValue>922337203685477</MaxValue>
              <Accuracy>2</Accuracy>
              <AccuracySource>0</AccuracySource>
              <CalculationOf>new_YearlyAverageTurnover</CalculationOf>
              <displaynames>
                <displayname description="Yearly Average Turnover" languagecode="1045" />
              </displaynames>
              <Descriptions>
                <Description description="Wartość pola Yearly Average Turnover w walucie podstawowej." languagecode="1045" />
              </Descriptions>
            </attribute>
          </attributes>
          <EntitySetName>accounts</EntitySetName>
          <IsDuplicateCheckSupported>1</IsDuplicateCheckSupported>
          <IsBusinessProcessEnabled>1</IsBusinessProcessEnabled>
          <IsRequiredOffline>0</IsRequiredOffline>
          <IsInteractionCentricEnabled>1</IsInteractionCentricEnabled>
          <IsCollaboration>0</IsCollaboration>
          <AutoRouteToOwnerQueue>0</AutoRouteToOwnerQueue>
          <IsConnectionsEnabled>1</IsConnectionsEnabled>
          <EntityColor>#794300</EntityColor>
          <IsDocumentManagementEnabled>1</IsDocumentManagementEnabled>
          <IsOneNoteIntegrationEnabled>1</IsOneNoteIntegrationEnabled>
          <IsKnowledgeManagementEnabled>0</IsKnowledgeManagementEnabled>
          <OwnershipTypeMask>UserOwned</OwnershipTypeMask>
          <EntityMask>ActivityPointer</EntityMask>
          <IsAuditEnabled>0</IsAuditEnabled>
          <IsActivity>0</IsActivity>
          <ActivityTypeMask></ActivityTypeMask>
          <IsActivityParty>1</IsActivityParty>
          <IsReplicated>1</IsReplicated>
          <IsReplicationUserFiltered>1</IsReplicationUserFiltered>
          <IsMailMergeEnabled>1</IsMailMergeEnabled>
          <IsVisibleInMobile>1</IsVisibleInMobile>
          <IsVisibleInMobileClient>1</IsVisibleInMobileClient>
          <IsReadOnlyInMobileClient>0</IsReadOnlyInMobileClient>
          <IsOfflineInMobileClient>0</IsOfflineInMobileClient>
          <DaysSinceRecordLastModified>0</DaysSinceRecordLastModified>
          <IsMapiGridEnabled>1</IsMapiGridEnabled>
          <IsReadingPaneEnabled>1</IsReadingPaneEnabled>
          <IsQuickCreateEnabled>1</IsQuickCreateEnabled>
          <SyncToExternalSearchIndex>1</SyncToExternalSearchIndex>
          <IntroducedVersion>5.0.0.0</IntroducedVersion>
          <EnforceStateTransitions>0</EnforceStateTransitions>
          <EntityHelpUrlEnabled>0</EntityHelpUrlEnabled>
          <ChangeTrackingEnabled>1</ChangeTrackingEnabled>
          <IsEnabledForExternalChannels>1</IsEnabledForExternalChannels>
          <HasRelatedNotes>True</HasRelatedNotes>
          <HasRelatedActivities>True</HasRelatedActivities>
        </entity>
      </EntityInfo>
      <FormXml>
        <forms type="main">
          <systemform>
            <formid>{b053a39a-041a-4356-acef-ddf00182762b}</formid>
            <IntroducedVersion>5.0.0.0</IntroducedVersion>
            <FormPresentation>0</FormPresentation>
            <FormActivationState>0</FormActivationState>
            <form showImage="true">
              <tabs>
                <tab name="general" verticallayout="true" id="{13b0fbf2-e596-4dc5-919b-7a0aea72598b}" IsUserDefined="0" ordinalvalue="1" solutionaction="Modified" />
                <tab name="details" id="{e8642bdb-3b0b-4ce4-bcca-646d04e856cb}" IsUserDefined="0" ordinalvalue="2" solutionaction="Modified" />
                <tab name="contacts" id="{52c46fc3-c588-42d2-b24a-764536e3ce79}" IsUserDefined="0" ordinalvalue="3" solutionaction="Modified" />
                <tab name="notes and activities" id="{61710424-A7C1-4db5-9489-788BCDCF267A}" IsUserDefined="0" expanded="false" ordinalvalue="4" solutionaction="Modified" />
                <tab name="administration" id="{5b8906be-c80f-4c26-8ba2-b07f45cb2936}" IsUserDefined="0" ordinalvalue="5" solutionaction="Modified" />
                <tab name="tab_recordwall" id="{e94e6ac4-12db-bc8c-ec81-8b20c5987655}" IsUserDefined="0" locklevel="0" showlabel="true" expanded="false" labelid="{eb815e5d-58b2-4650-9a34-f1007e4e3d24}" ordinalvalue="0" solutionaction="Added">
                  <labels>
                    <label description="What's New" languagecode="1033" />
                    <label description="Nowości" languagecode="1045" />
                  </labels>
                  <columns>
                    <column width="100%" id="0">
                      <sections>
                        <section name="tab_recordwall_section_1" showlabel="false" showbar="false" locklevel="0" id="{ac0addcc-a626-6c98-40ee-b11edac36204}" IsUserDefined="0" layout="varwidth" columns="1" labelwidth="115" celllabelalignment="Left" celllabelposition="Left" labelid="{ab0155e0-d2cb-4475-bedf-36397c053ec3}" ordinalvalue="0">
                          <labels>
                            <label description="Section" languagecode="1045" />
                          </labels>
                          <rows>
                            <row>
                              <cell id="{be13b312-b6ac-83d7-34e1-e90dc1ecbec7}" showlabel="false" colspan="1" auto="false" rowspan="15" labelid="{672028ad-70c7-4ba7-bab4-25b171fa1221}" ordinalvalue="10000">
                                <labels>
                                  <label description="RecordWall" languagecode="1045" />
                                </labels>
                                <control id="WebResource_RecordWall" classid="{9FDF5F91-88B1-47f4-AD53-C11EFC01A01D}">
                                  <parameters>
                                    <Url>msdyn_/RecordWall.htm</Url>
                                    <PassParameters>true</PassParameters>
                                    <Security>false</Security>
                                    <Scrolling>auto</Scrolling>
                                    <Border>false</Border>
                                  </parameters>
                                </control>
                                <events>
                                  <event name="onload" application="0">
                                    <dependencies />
                                  </event>
                                </events>
                              </cell>
                            </row>
                            <row />
                            <row />
                            <row />
                            <row />
                            <row />
                            <row />
                            <row />
                            <row />
                            <row />
                            <row />
                            <row />
                            <row />
                            <row />
                            <row />
                          </rows>
                        </section>
                      </sections>
                    </column>
                  </columns>
                  <events>
                    <event name="tabstatechange" application="false" active="false">
                      <Handlers>
                        <Handler functionName="ActivityFeeds.Form.CustomizationUtils.updateRecordWallRenderingState" libraryName="msdyn_/ActivityFeeds.Form.js" handlerUniqueId="{9beb6ce6-2666-8033-a406-3d68d44b9592}" enabled="true" parameters="" passExecutionContext="true" />
                      </Handlers>
                    </event>
                  </events>
                </tab>
              </tabs>
              <formLibraries solutionaction="Added">
                <Library name="msdyn_/ActivityFeeds.Form.js" libraryUniqueId="{4181da4c-6d13-ba3c-c859-be404e4ee2e3}" />
              </formLibraries>
            </form>
            <LocalizedNames>
              <LocalizedName description="Information" languagecode="1033" />
              <LocalizedName description="Informacje" languagecode="1045" />
            </LocalizedNames>
            <Descriptions>
              <Description description="A form for this entity." languagecode="1033" />
              <Description description="Formularz dotyczący tej encji." languagecode="1045" />
            </Descriptions>
          </systemform>
          <systemform>
            <formid>{8448b78f-8f42-454e-8e2a-f8196b0419af}</formid>
            <IntroducedVersion>5.0.0.0</IntroducedVersion>
            <FormPresentation>1</FormPresentation>
            <FormActivationState>1</FormActivationState>
            <form showImage="true" shownavigationbar="true" maxWidth="1900" solutionaction="Modified">
              <tabs>
                <tab name="SUMMARY_TAB" id="{3b0b63a9-d379-689a-0ec3-e71eb4c6a841}" IsUserDefined="0" showlabel="true" expanded="true" locklevel="0" ordinalvalue="0">
                  <columns>
                    <column width="28%" id="2">
                      <sections>
                        <section name="SUMMARY_TAB_section_6" showlabel="false" showbar="false" locklevel="0" id="{d4c3ee9c-ba71-5cdb-31be-2aa505750472}" IsUserDefined="0" layout="varwidth" columns="1" labelwidth="115" celllabelalignment="Left" celllabelposition="Top" ordinalvalue="0">
                          <rows>
                            <row>
                              <cell id="{245158ED-C47A-4BB5-AAC7-E8C96A655801}" showlabel="true" rowspan="8" colspan="1" auto="false" ordinalvalue="10003" solutionaction="Removed" />
                            </row>
                            <row>
                              <cell id="{3E27EE84-1A25-418B-85F5-CDCC7CD5918D}" showlabel="true" rowspan="8" colspan="1" auto="false" ordinalvalue="10003" solutionaction="Modified" />
                            </row>
                            <row>
                              <cell id="{2c745e48-587d-beb8-297d-055b604013b2}" showlabel="true" colspan="1" auto="false" rowspan="7" ordinalvalue="10005" solutionaction="Removed" />
                            </row>
                          </rows>
                        </section>
                      </sections>
                    </column>
                  </columns>
                </tab>
                <tab name="DETAILS_TAB" id="{11a42c72-9ded-ea04-253d-2143e731b795}" IsUserDefined="0" showlabel="true" expanded="false" ordinalvalue="2" solutionaction="Modified">
                  <columns>
                    <column width="34%" id="0">
                      <sections>
                        <section name="DETAILS_TAB_section_6" showlabel="true" showbar="false" locklevel="0" id="{e201b9ce-c3d5-c922-dba5-528c25066940}" IsUserDefined="0" layout="varwidth" columns="1" labelwidth="115" celllabelalignment="Left" celllabelposition="Top" height="auto" ordinalvalue="1">
                          <rows />
                        </section>
                      </sections>
                    </column>
                    <column width="33%" id="2">
                      <sections>
                        <section name="ChildAccounts" showlabel="true" showbar="false" locklevel="0" id="{1e0e4517-ba6b-1540-53a9-09647d67443a}" IsUserDefined="0" layout="varwidth" columns="1" labelwidth="115" celllabelalignment="Left" celllabelposition="Left" ordinalvalue="2">
                          <rows />
                        </section>
                      </sections>
                    </column>
                  </columns>
                </tab>
                <tab name="tab_3" id="{15109e18-207c-a58e-1a6a-c4a771166c79}" IsUserDefined="0" locklevel="0" showlabel="true" expanded="true" ordinalvalue="1" solutionaction="Added">
                  <labels>
                    <label description="Risk Profile" languagecode="1045" />
                  </labels>
                  <columns>
                    <column width="34%" id="0">
                      <sections>
                        <section name="tab_3_section_1" showlabel="true" showbar="false" locklevel="0" id="{474eeb01-82c5-35d2-cb22-72d448176935}" IsUserDefined="0" layout="varwidth" columns="1" labelwidth="250" celllabelalignment="Left" celllabelposition="Left" ordinalvalue="0">
                          <labels>
                            <label description="Risk Profile Information" languagecode="1045" />
                          </labels>
                          <rows>
                            <row>
                              <cell id="{b3ac1148-d588-d567-1820-2245043e1851}" showlabel="true" locklevel="0" ordinalvalue="10000">
                                <labels>
                                  <label description="" languagecode="1045" />
                                </labels>
                                <control id="new_yearlyaverageturnover" classid="{533B9E00-756B-4312-95A0-DC888637AC78}" datafieldname="new_yearlyaverageturnover" disabled="false" uniqueid="{931829c4-65a3-0b1d-6aa0-84556b38898b}" />
                              </cell>
                            </row>
                            <row>
                              <cell id="{181cd748-476d-5474-a074-4a8891bc5379}" showlabel="true" locklevel="0" ordinalvalue="10001">
                                <labels>
                                  <label description="" languagecode="1045" />
                                </labels>
                                <control id="new_whyareyoutradingfinancialinstruments" classid="{3EF39988-22BB-4f0b-BBBE-64B5A3748AEE}" datafieldname="new_whyareyoutradingfinancialinstruments" disabled="false" />
                              </cell>
                            </row>
                            <row>
                              <cell id="{b4d00b75-a132-66cb-e6ec-a7a2c1312c5c}" showlabel="true" locklevel="0" ordinalvalue="10002">
                                <labels>
                                  <label description="" languagecode="1045" />
                                </labels>
                                <control id="new_investmenthorizon" classid="{3EF39988-22BB-4f0b-BBBE-64B5A3748AEE}" datafieldname="new_investmenthorizon" disabled="false" uniqueid="{7e59609a-13e2-667d-725b-03b91a0c5b76}" />
                              </cell>
                            </row>
                            <row>
                              <cell id="{8bec502c-59e6-d7b3-111e-c19009495195}" showlabel="true" locklevel="0" ordinalvalue="10003">
                                <labels>
                                  <label description="" languagecode="1045" />
                                </labels>
                                <control id="new_experienceinfinancialinstruments" classid="{3EF39988-22BB-4f0b-BBBE-64B5A3748AEE}" datafieldname="new_experienceinfinancialinstruments" disabled="false" />
                              </cell>
                            </row>
                          </rows>
                        </section>
                      </sections>
                    </column>
                    <column width="33%" id="1">
                      <sections>
                        <section name="tab_3_section_2" showlabel="true" showbar="false" locklevel="0" id="{b4d62009-46ed-4c44-c331-b957753424a2}" IsUserDefined="0" layout="varwidth" columns="1" labelwidth="250" celllabelalignment="Left" celllabelposition="Left" ordinalvalue="0">
                          <labels>
                            <label description="Suitable investment objectives" languagecode="1045" />
                          </labels>
                          <rows>
                            <row>
                              <cell id="{30ce194a-ab8a-6779-e79b-a1ab56570b47}" showlabel="true" locklevel="0" ordinalvalue="10000">
                                <labels>
                                  <label description="" languagecode="1045" />
                                </labels>
                                <control id="new_liquiditymanagement" classid="{3EF39988-22BB-4f0b-BBBE-64B5A3748AEE}" datafieldname="new_liquiditymanagement" disabled="false" />
                              </cell>
                            </row>
                            <row>
                              <cell id="{21b94b5d-c7d1-3c5c-896e-33e5747c92b7}" showlabel="true" locklevel="0" ordinalvalue="10001">
                                <labels>
                                  <label description="" languagecode="1045" />
                                </labels>
                                <control id="new_wealthaccumulation" classid="{3EF39988-22BB-4f0b-BBBE-64B5A3748AEE}" datafieldname="new_wealthaccumulation" disabled="false" />
                              </cell>
                            </row>
                            <row>
                              <cell id="{45c9ecc0-4c9a-ad95-6c8a-4d900d971925}" showlabel="true" locklevel="0" ordinalvalue="10002">
                                <labels>
                                  <label description="" languagecode="1045" />
                                </labels>
                                <control id="new_maximizecurrentincome" classid="{3EF39988-22BB-4f0b-BBBE-64B5A3748AEE}" datafieldname="new_maximizecurrentincome" disabled="false" />
                              </cell>
                            </row>
                            <row>
                              <cell id="{2edc021c-e9db-385d-ba00-b12e592cbd06}" showlabel="true" locklevel="0" ordinalvalue="10003">
                                <labels>
                                  <label description="" languagecode="1045" />
                                </labels>
                                <control id="new_speculativeportfolioaimingforhigherreturn" classid="{3EF39988-22BB-4f0b-BBBE-64B5A3748AEE}" datafieldname="new_speculativeportfolioaimingforhigherreturn" disabled="false" />
                              </cell>
                            </row>
                          </rows>
                        </section>
                      </sections>
                    </column>
                    <column width="33%" id="2">
                      <sections>
                        <section name="tab_3_section_3" showlabel="false" showbar="false" locklevel="0" id="{cb744569-de4a-6ed3-6da6-77930aa0cb51}" IsUserDefined="0" layout="varwidth" columns="1" labelwidth="150" height="auto" celllabelalignment="Left" celllabelposition="Left" ordinalvalue="0">
                          <labels>
                            <label description="Sekcja" languagecode="1045" />
                          </labels>
                          <rows>
                            <row>
                              <cell id="{e0930c7c-82a4-4223-c6bc-099e75c8cde1}" showlabel="true" locklevel="0" ordinalvalue="10000">
                                <labels>
                                  <label description="" languagecode="1045" />
                                </labels>
                                <control id="new_copyriskprofilefrom" classid="{270BD3DB-D9AF-4782-9025-509E298DEC0A}" datafieldname="new_copyriskprofilefrom" disabled="false" />
                              </cell>
                            </row>
                            <row>
                              <cell id="{bd479da5-a298-1d9d-22d8-746918b1dc8d}" showlabel="true" locklevel="0" auto="true" rowspan="3" ordinalvalue="10001">
                                <labels>
                                  <label description="" languagecode="1045" />
                                </labels>
                                <control id="new_comment" classid="{E0DECE4B-6FC8-4a8f-A065-082708572369}" datafieldname="new_comment" disabled="false" uniqueid="{ae68ce10-ea01-e360-53ba-8a6eac58c339}" />
                              </cell>
                            </row>
                            <row></row>
                            <row height="auto"></row>
                          </rows>
                        </section>
                      </sections>
                    </column>
                  </columns>
                </tab>
              </tabs>
              <Navigation>
                <NavBar>
                  <NavBarByRelationshipItem RelationshipName="Account_CustomerAddress" Id="navAddresses" Sequence="10" Area="Info" Show="false">
                    <Titles>
                      <Title LCID="1045" Text="Adresy" solutionaction="Added" />
                    </Titles>
                  </NavBarByRelationshipItem>
                  <NavBarByRelationshipItem RelationshipName="account_parent_account" Id="navSubAccts" TitleResourceId="Label_SubAccounts" Sequence="10" Area="Info" Show="false">
                    <Titles>
                      <Title LCID="1045" Text="Konta podległe" solutionaction="Added" />
                    </Titles>
                  </NavBarByRelationshipItem>
                  <NavBarByRelationshipItem RelationshipName="account_customer_relationship_customer" Id="navRelationships" TitleResourceId="Left_Nav_Area_Relationships" Sequence="10" Area="Info" Show="false">
                    <Titles>
                      <Title LCID="1045" Text="Relacje" solutionaction="Added" />
                    </Titles>
                  </NavBarByRelationshipItem>
                  <NavBarByRelationshipItem RelationshipName="quote_customer_accounts" Id="navQuotes" TitleResourceId="Tab_Label_MoreQuotes" Sequence="10" Area="Info" Show="false">
                    <Titles>
                      <Title LCID="1045" Text="Oferty" solutionaction="Added" />
                    </Titles>
                  </NavBarByRelationshipItem>
                  <NavBarByRelationshipItem RelationshipName="order_customer_accounts" Id="navOrders" TitleResourceId="Tab_Label_MoreOrders" Sequence="10" Area="Info" Show="false">
                    <Titles>
                      <Title LCID="1045" Text="Zamówienia" solutionaction="Added" />
                    </Titles>
                  </NavBarByRelationshipItem>
                  <NavBarByRelationshipItem RelationshipName="invoice_customer_accounts" Id="navInvoices" TitleResourceId="Tab_Label_MoreInvoices" Sequence="10" Area="Info" Show="false">
                    <Titles>
                      <Title LCID="1045" Text="Faktury" solutionaction="Added" />
                    </Titles>
                  </NavBarByRelationshipItem>
                  <NavBarByRelationshipItem RelationshipName="contract_customer_accounts" Id="navContracts" TitleResourceId="Tab_Label_MoreContracts" Sequence="10" Area="Info" Show="false">
                    <Titles>
                      <Title LCID="1045" Text="Kontrakt" solutionaction="Added" />
                    </Titles>
                  </NavBarByRelationshipItem>
                  <NavBarByRelationshipItem RelationshipName="hardcoded_{B7196B13-6B9D-42CD-BD58-B19A3953126F}navCampaignsInSFA" Sequence="20" Area="Marketing" Id="navCampaignsInSFA" Show="false">
                    <Titles>
                      <Title LCID="1045" Text="Kampanie" solutionaction="Added" />
                    </Titles>
                  </NavBarByRelationshipItem>
                  <NavBarByRelationshipItem RelationshipName="hardcoded_{B7196B13-6B9D-42CD-BD58-B19A3953126F}navProcessSessions" Sequence="9700" Area="ProcessCenter" Id="navProcessSessions" Show="false">
                    <Titles>
                      <Title LCID="1045" Text="Sesje procesów" solutionaction="Added" />
                    </Titles>
                  </NavBarByRelationshipItem>
                  <NavBarByRelationshipItem RelationshipName="hardcoded_{B7196B13-6B9D-42CD-BD58-B19A3953126F}navAsyncOperations" Sequence="9500" Area="ProcessCenter" Id="navAsyncOperations" Show="false">
                    <Titles>
                      <Title LCID="1045" Text="Procesy w tle" solutionaction="Added" />
                    </Titles>
                  </NavBarByRelationshipItem>
                </NavBar>
                <NavBarAreas solutionaction="Added">
                  <NavBarArea Id="Info">
                    <Titles>
                      <Title LCID="1045" Text="Wspólne" />
                    </Titles>
                  </NavBarArea>
                  <NavBarArea Id="Sales">
                    <Titles>
                      <Title LCID="1045" Text="Sprzedaż" />
                    </Titles>
                  </NavBarArea>
                  <NavBarArea Id="Service">
                    <Titles>
                      <Title LCID="1045" Text="Usługi" />
                    </Titles>
                  </NavBarArea>
                  <NavBarArea Id="Marketing">
                    <Titles>
                      <Title LCID="1045" Text="Marketing" />
                    </Titles>
                  </NavBarArea>
                  <NavBarArea Id="ProcessCenter">
                    <Titles>
                      <Title LCID="1045" Text="Sesje procesów" />
                    </Titles>
                  </NavBarArea>
                </NavBarAreas>
              </Navigation>
              <controlDescriptions solutionaction="Added" />
            </form>
            <LocalizedNames>
              <LocalizedName description="Account" languagecode="1033" />
              <LocalizedName description="Klient" languagecode="1045" />
            </LocalizedNames>
            <Descriptions>
              <Description description="Updated default Account form." languagecode="1033" />
              <Description description="Zaktualizowany domyślny formularz konta." languagecode="1045" />
            </Descriptions>
          </systemform>
        </forms>
      </FormXml>
      <RibbonDiffXml>
        <CustomActions />
        <Templates>
          <RibbonTemplates Id="Mscrm.Templates"></RibbonTemplates>
        </Templates>
        <CommandDefinitions />
        <RuleDefinitions>
          <TabDisplayRules />
          <DisplayRules />
          <EnableRules />
        </RuleDefinitions>
        <LocLabels />
      </RibbonDiffXml>
    </Entity>
  </Entities>
  <Roles></Roles>
  <Workflows>
    <Workflow WorkflowId="{fd971908-9347-487d-b489-0a55ed349bf0}" Name="Copy Risk Profile Information">
      <XamlFileName>/Workflows/CopyRiskProfileInformation-FD971908-9347-487D-B489-0A55ED349BF0.xaml</XamlFileName>
      <Type>1</Type>
      <Subprocess>0</Subprocess>
      <Category>0</Category>
      <Mode>1</Mode>
      <Scope>4</Scope>
      <OnDemand>0</OnDemand>
      <TriggerOnUpdateAttributeList>new_copyriskprofilefrom</TriggerOnUpdateAttributeList>
      <TriggerOnCreate>1</TriggerOnCreate>
      <TriggerOnDelete>0</TriggerOnDelete>
      <AsyncAutodelete>0</AsyncAutodelete>
      <SyncWorkflowLogOnFailure>1</SyncWorkflowLogOnFailure>
      <StateCode>1</StateCode>
      <StatusCode>2</StatusCode>
      <CreateStage>40</CreateStage>
      <UpdateStage>40</UpdateStage>
      <RunAs>1</RunAs>
      <IsTransacted>1</IsTransacted>
      <IntroducedVersion>1.0</IntroducedVersion>
      <IsCustomizable>1</IsCustomizable>
      <PrimaryEntity>Account</PrimaryEntity>
    </Workflow>
    <Workflow WorkflowId="{3c7414df-680e-e911-80ce-000c29a03d5b}" Name="Risk Profile Comment - Display Logic" Description="Kliknij, aby dodać opis">
      <XamlFileName>/Workflows/RiskProfileComment-DisplayLogic-3C7414DF-680E-E911-80CE-000C29A03D5B.xaml</XamlFileName>
      <Type>1</Type>
      <Subprocess>0</Subprocess>
      <Category>2</Category>
      <Mode>1</Mode>
      <Scope>4</Scope>
      <OnDemand>0</OnDemand>
      <TriggerOnCreate>0</TriggerOnCreate>
      <TriggerOnDelete>0</TriggerOnDelete>
      <AsyncAutodelete>0</AsyncAutodelete>
      <SyncWorkflowLogOnFailure>0</SyncWorkflowLogOnFailure>
      <StateCode>1</StateCode>
      <StatusCode>2</StatusCode>
      <RunAs>1</RunAs>
      <IsTransacted>1</IsTransacted>
      <IntroducedVersion>1.0</IntroducedVersion>
      <IsCustomizable>1</IsCustomizable>
      <PrimaryEntity>Account</PrimaryEntity>
      <ProcessTriggers>
        <ProcessTrigger processtriggerid="{4c131295-690e-e911-80ce-000c29a03d5b}">
          <controltype>1</controltype>
          <formid>{8448b78f-8f42-454e-8e2a-f8196b0419af}</formid>
          <scope>1</scope>
          <controlname>new_investmenthorizon</controlname>
          <event>change</event>
          <iscustomizable>1</iscustomizable>
          <primaryentitytypecode>Account</primaryentitytypecode>
        </ProcessTrigger>
        <ProcessTrigger processtriggerid="{4d131295-690e-e911-80ce-000c29a03d5b}">
          <formid>{8448b78f-8f42-454e-8e2a-f8196b0419af}</formid>
          <scope>1</scope>
          <event>load</event>
          <iscustomizable>1</iscustomizable>
          <primaryentitytypecode>Account</primaryentitytypecode>
        </ProcessTrigger>
      </ProcessTriggers>
    </Workflow>
    <Workflow WorkflowId="{27125577-690e-e911-80ce-000c29a03d5b}" Name="Risk Profile Comment - Hide Logic" Description="Kliknij, aby dodać opis">
      <XamlFileName>/Workflows/RiskProfileComment-HideLogic-27125577-690E-E911-80CE-000C29A03D5B.xaml</XamlFileName>
      <Type>1</Type>
      <Subprocess>0</Subprocess>
      <Category>2</Category>
      <Mode>1</Mode>
      <Scope>4</Scope>
      <OnDemand>0</OnDemand>
      <TriggerOnCreate>0</TriggerOnCreate>
      <TriggerOnDelete>0</TriggerOnDelete>
      <AsyncAutodelete>0</AsyncAutodelete>
      <SyncWorkflowLogOnFailure>0</SyncWorkflowLogOnFailure>
      <StateCode>1</StateCode>
      <StatusCode>2</StatusCode>
      <RunAs>1</RunAs>
      <IsTransacted>1</IsTransacted>
      <IntroducedVersion>1.0</IntroducedVersion>
      <IsCustomizable>1</IsCustomizable>
      <PrimaryEntity>Account</PrimaryEntity>
      <ProcessTriggers>
        <ProcessTrigger processtriggerid="{31125577-690e-e911-80ce-000c29a03d5b}">
          <controltype>1</controltype>
          <formid>{8448b78f-8f42-454e-8e2a-f8196b0419af}</formid>
          <scope>1</scope>
          <controlname>new_investmenthorizon</controlname>
          <event>change</event>
          <iscustomizable>1</iscustomizable>
          <primaryentitytypecode>Account</primaryentitytypecode>
        </ProcessTrigger>
        <ProcessTrigger processtriggerid="{32125577-690e-e911-80ce-000c29a03d5b}">
          <formid>{8448b78f-8f42-454e-8e2a-f8196b0419af}</formid>
          <scope>1</scope>
          <event>load</event>
          <iscustomizable>1</iscustomizable>
          <primaryentitytypecode>Account</primaryentitytypecode>
        </ProcessTrigger>
      </ProcessTriggers>
    </Workflow>
    <Workflow WorkflowId="{3be2482a-5b9c-4c60-8623-77bb354074df}" Name="Send E-Mail Notification when Risk Profile is changed">
      <XamlFileName>/Workflows/SendE-MailNotificationwhenRiskProfileischanged-3BE2482A-5B9C-4C60-8623-77BB354074DF.xaml</XamlFileName>
      <Type>1</Type>
      <Subprocess>0</Subprocess>
      <Category>0</Category>
      <Mode>0</Mode>
      <Scope>4</Scope>
      <OnDemand>0</OnDemand>
      <TriggerOnUpdateAttributeList>new_yearlyaverageturnover,new_whyareyoutradingfinancialinstruments,new_wealthaccumulation,new_speculativeportfolioaimingforhigherreturn,new_maximizecurrentincome,new_liquiditymanagement,new_investmenthorizon,new_experienceinfinancialinstruments,new_comment</TriggerOnUpdateAttributeList>
      <TriggerOnCreate>0</TriggerOnCreate>
      <TriggerOnDelete>0</TriggerOnDelete>
      <AsyncAutodelete>1</AsyncAutodelete>
      <SyncWorkflowLogOnFailure>0</SyncWorkflowLogOnFailure>
      <StateCode>1</StateCode>
      <StatusCode>2</StatusCode>
      <RunAs>1</RunAs>
      <IsTransacted>1</IsTransacted>
      <IntroducedVersion>1.0</IntroducedVersion>
      <IsCustomizable>1</IsCustomizable>
      <PrimaryEntity>Account</PrimaryEntity>
    </Workflow>
  </Workflows>
  <FieldSecurityProfiles></FieldSecurityProfiles>
  <Templates />
  <EntityMaps />
  <EntityRelationships>
    <EntityRelationship Name="new_account_account_CopyRiskProfilefrom">
      <EntityRelationshipType>OneToMany</EntityRelationshipType>
      <IsCustomizable>1</IsCustomizable>
      <IntroducedVersion>1.0</IntroducedVersion>
      <IsHierarchical>0</IsHierarchical>
      <ReferencingEntityName>Account</ReferencingEntityName>
      <ReferencedEntityName>Account</ReferencedEntityName>
      <CascadeAssign>NoCascade</CascadeAssign>
      <CascadeDelete>RemoveLink</CascadeDelete>
      <CascadeReparent>NoCascade</CascadeReparent>
      <CascadeShare>NoCascade</CascadeShare>
      <CascadeUnshare>NoCascade</CascadeUnshare>
      <IsValidForAdvancedFind>1</IsValidForAdvancedFind>
      <ReferencingAttributeName>new_CopyRiskProfilefrom</ReferencingAttributeName>
      <RelationshipDescription>
        <Descriptions>
          <Description description="" languagecode="1045" />
        </Descriptions>
      </RelationshipDescription>
      <EntityRelationshipRoles>
        <EntityRelationshipRole>
          <NavPaneDisplayOption>UseCollectionName</NavPaneDisplayOption>
          <NavPaneArea>Details</NavPaneArea>
          <NavPaneOrder>10000</NavPaneOrder>
          <NavigationPropertyName>new_CopyRiskProfilefrom</NavigationPropertyName>
          <CustomLabels>
            <CustomLabel description="" languagecode="1045" />
          </CustomLabels>
        </EntityRelationshipRole>
      </EntityRelationshipRoles>
    </EntityRelationship>
  </EntityRelationships>
  <OrganizationSettings />
  <optionsets />
  <Languages>
    <Language>1045</Language>
    <Language>1033</Language>
  </Languages>
</ImportExportXml>